Title,Author,url,Category,Issue_number,Issue_date
The Uncurling of Samsara,Koji A. Dae,https://clarkesworldmagazine.com/dae_01_22,FICTION,ISSUE 184,January 2022
The Lion and the Virgin,Megan J. Kerr,https://clarkesworldmagazine.com/kerr_01_22,FICTION,ISSUE 184,January 2022
"The Five Rules of Supernova Surfing or A For Real Solution to the Fermi Paradox, Bro",Geoffrey W. Cole,https://clarkesworldmagazine.com/cole_01_22,FICTION,ISSUE 184,January 2022
Bishop's Opening,R.S.A. Garcia,https://clarkesworldmagazine.com/garcia_01_22,FICTION,ISSUE 184,January 2022
No One at the Wild Dock,Gu Shi,https://clarkesworldmagazine.com/gu_01_22,FICTION,ISSUE 184,January 2022
Learning to Hate Yourself as a Self-Defense Mechanism,Andrea Kriz,https://clarkesworldmagazine.com/kriz_01_22,FICTION,ISSUE 184,January 2022
For Whom the Psychopomp Calls,Filip Hajdar Drnovšek Zorko,https://clarkesworldmagazine.com/drnovsek-zorko_01_22,FICTION,ISSUE 184,January 2022
Zero-g Zoo: Trying to Solve Reproduction in Space,Julie Nováková,https://clarkesworldmagazine.com/novakova_01_22,NON-FICTION,ISSUE 184,January 2022
Working Towards Legacy: A Conversation with Ann & Jeff VanderMeer,Arley Sorg,https://clarkesworldmagazine.com/vandermeers_interview,NON-FICTION,ISSUE 184,January 2022
It’s . . . Complicated: A Conversation with James S.A. Corey,Arley Sorg,https://clarkesworldmagazine.com/corey_interview_2022,NON-FICTION,ISSUE 184,January 2022
Editor’s Desk: 2021 in Review,Neil Clarke,https://clarkesworldmagazine.com/clarke_01_22,NON-FICTION,ISSUE 184,January 2022
Return to Heaven 7,Zezhou Chen,https://clarkesworldmagazine.com/artbio_184,COVER ART,ISSUE 184,January 2022
